{
    "O": {
        "sigma": 3.03315,
        "epsilon": 48.1581
    },
    "N": {
        "sigma": 3.26256,
        "epsilon": 38.9492
    },
    "C": {
        "sigma": 3.47299,
        "epsilon": 47.8562
    },
    "F": {
        "sigma": 3.0932,
        "epsilon": 36.4834
    },
    "B": {
        "sigma": 3.58141,
        "epsilon": 47.8058
    },
    "I": {
        "sigma": 4.01,
        "epsilon": 170.57
    },
    "P": {
        "sigma": 3.69723,
        "epsilon": 161.03
    },
    "S": {
        "sigma": 3.59032,
        "epsilon": 173.107
    },
    "W": {
        "sigma": 2.73,
        "epsilon": 33.71
    },
    "Y": {
        "sigma": 2.98,
        "epsilon": 36.23
    },
    "K": {
        "sigma": 3.4,
        "epsilon": 17.61
    },
    "Cl": {
        "sigma": 3.51932,
        "epsilon": 142.562
    },
    "Br": {
        "sigma": 3.51905,
        "epsilon": 186.191
    },
    "H": {
        "sigma": 2.84642,
        "epsilon": 7.64893
    },
    "Zn": {
        "sigma": 2.46155,
        "epsilon": 62.3992
    },
    "Be": {
        "sigma": 2.44552,
        "epsilon": 42.7736
    },
    "Ca": {
        "sigma": 3.02816,
        "epsilon": 119.766
    },
    "Cr": {
        "sigma": 2.69319,
        "epsilon": 7.54829
    },
    "Fe": {
        "sigma": 2.5943,
        "epsilon": 6.54185
    },
    "Mn": {
        "sigma": 2.63795,
        "epsilon": 6.54185
    },
    "Cu": {
        "sigma": 3.11369,
        "epsilon": 2.5161
    },
    "Co": {
        "sigma": 2.55866,
        "epsilon": 7.04507
    },
    "Ga": {
        "sigma": 3.90481,
        "epsilon": 208.836
    },
    "Ti": {
        "sigma": 2.8286,
        "epsilon": 8.55473
    },
    "Sc": {
        "sigma": 2.93551,
        "epsilon": 9.56117
    },
    "V": {
        "sigma": 2.80099,
        "epsilon": 8.05151
    },
    "Ni": {
        "sigma": 2.52481,
        "epsilon": 7.54829
    },
    "Zr": {
        "sigma": 2.78317,
        "epsilon": 34.7221
    },
    "Mg": {
        "sigma": 2.69141,
        "epsilon": 55.8574
    },
    "Ne": {
        "sigma": 2.88918,
        "epsilon": 21.1352
    },
    "Ag": {
        "sigma": 2.80455,
        "epsilon": 18.1159
    },
    "In": {
        "sigma": 3.97608,
        "epsilon": 301.428
    },
    "Cd": {
        "sigma": 2.53728,
        "epsilon": 114.734
    },
    "Sb": {
        "sigma": 3.93777,
        "epsilon": 225.946
    },
    "Te": {
        "sigma": 3.98232,
        "epsilon": 200.281
    },
    "Al": {
        "sigma": 3.91105,
        "epsilon": 155.998
    },
    "Si": {
        "sigma": 3.80414,
        "epsilon": 155.998
    },
    "As": {
        "sigma": 3.77,
        "epsilon": 155.47
    },
    "La": {
        "sigma": 3.14,
        "epsilon": 8.55
    },
    "Ar": {
        "sigma": 3.34,
        "epsilon": 119.8
    },
    "Au": {
        "sigma": 2.93,
        "epsilon": 19.62
    },
    "Rh": {
        "sigma": 2.61,
        "epsilon": 26.67
    },
    "Li": {
        "sigma": 2.18,
        "epsilon": 12.58
    },
    "Ba": {
        "sigma": 3.3,
        "epsilon": 183.15
    },
    "Sr": {
        "sigma": 3.24,
        "epsilon": 118.24
    },
    "Pd": {
        "sigma": 2.58,
        "epsilon": 24.15
    },
    "Mo": {
        "sigma": 2.72,
        "epsilon": 28.18
    },
    "Na": {
        "sigma": 2.66,
        "epsilon": 15.09
    },
    "Kr": {
        "sigma": 3.636,
        "epsilon": 166.4
    },
    "Xe": {
        "sigma": 4.1,
        "epsilon": 221.0
    },
    "Gd": {
        "sigma": 3.0,
        "epsilon": 4.53
    },
    "Er": {
        "sigma": 3.02,
        "epsilon": 3.52
    },
    "Dy": {
        "sigma": 3.05,
        "epsilon": 3.52
    },
    "U": {
        "sigma": 3.02,
        "epsilon": 11.07
    },
    "Tm": {
        "sigma": 3.01,
        "epsilon": 3.02
    },
    "Lu": {
        "sigma": 3.24,
        "epsilon": 20.63
    },
    "Th": {
        "sigma": 3.03,
        "epsilon": 13.08
    },
    "He": {
        "sigma": 2.64,
        "epsilon": 10.9
    },
    "Pt": {
        "sigma": 2.45,
        "epsilon": 40.25
    },
    "X": {
        "sigma": 3.73,
        "epsilon": 148.0
    },
    "Cs": {
        "sigma": 2.80,
        "epsilon": 27.0
    },
    "Os": {
        "sigma": 3.05,
        "epsilon": 79.0
    },
    "At": {
        "sigma": 89.633,
        "epsilon": 3.097
    },
    "Fr": {
        "sigma": 0.0,
        "epsilon": 0.0
    },
    "Pa": {
        "sigma": 0.0,
        "epsilon": 0.0
    }
}